data\map_data\,32,18,DUMMY
6,540.000000,960.000000,DUMMY
1,0.000000,1020.000000,DUMMY
1,60.000000,1020.000000,DUMMY
1,120.000000,1020.000000,DUMMY
1,180.000000,1020.000000,DUMMY
1,240.000000,1020.000000,DUMMY
1,300.000000,1020.000000,DUMMY
1,360.000000,1020.000000,DUMMY
1,420.000000,1020.000000,DUMMY
1,480.000000,1020.000000,DUMMY
1,540.000000,1020.000000,DUMMY
